8458787,Xiaomi Mi Notebook Air 13.3″ Silver (EXPORT),--Slim all-metal body--Full HD screen--Ultra-narrow borders--Long battery life — 9.5 hours-- Intel Core i5 processor--NVIDIA 940MX graphics card--1GB GDDR5--8 GB DDR4 RAM--256GB SSD PCIe,77,Lazada,1046.0,30.0,http://sg-live-02.slatic.net/p/2/xiaomi-mi-notebook-air-133-silver-export-1474-7878548-f1946cf03c19284b837603addbca278d-product.jpg
17867726,Lenovo ideapad 310 (Silver),--IdeaPad 310-14IKB: 14.0 FHD TN GL(SLIM)--Intel Core I5 7200U--Graphic: NVIDIA® GEFORCE® GT 940MX (4GB DDR3L)--4G DDR4 2133 ONBOARD--1TB 9.5MM 5400RPM--9.0MM SUPER MULTI(TRAY IN)--HD 720P WITH SINGLE MIC--2CELL 39WH--WIFI 1X1 AC+BT4.1--Keyboard ENGLISH--W10 HOME STD,0,Lazada,899.0,10.0,http://sg-live-02.slatic.net/p/2/lenovo-ideapad-310-silver-9650-62776871-8df014ecaf5b314824b8e9ebe5528745-product.jpg
17867705,Lenovo ideapad 100S (Silver),--Ideapad 100S-11IBY--11.6 HD TN GL(SLIM)--Z3735F--2G DDRIIIL1600 ONBOARD--32G EMMC--Integrated Graphic--NON-INTEL 1X1 BGN+BT4.0--CAMERA 0.3M--2CELL 31.9WH--W10HOME ETY NB STD AFO 32B,0,Lazada,299.0,9.0,http://sg-live-01.slatic.net/p/2/lenovo-ideapad-100s-silver-9651-50776871-bb3f9794816a77d6c7f01ba87628c4ff-product.jpg
19158272,GIGABYTE GeForce® GTX 1080 Ti Gaming OC 11GB DDR5,--Powered by GeForce® GTX 1080 Ti--Integrated with 11GB GDDR5X 352-bit memory interface--WINDFORCE 3X Cooling System--RGB fusion – 16.8M customizable color lighting--Built for Extreme Overclocking 8+2 Power Phases--Boost: 1657 MHz / Base: 1544 MHz in OC mode --Boost: 1632 MHz / Base: 1518 MHz in Gaming mode,0,Lazada,1148.0,9.0,http://sg-live-02.slatic.net/p/2/gigabyte-geforce-gtx-1080-ti-gaming-oc-11gb-ddr5-7458-27285191-180a3122bab2970e31478290c8777fe5-product.jpg
11130118,"Dell SE2417HG 24"" Gaming Monitor","--TN (Twisted Nematic) Panel--HDMI + VGA Inputs--1920 x 1080 Full HD Resolution--1,000:1 Contrast Ratio--300 cd/m² Brightness--160°/170° Viewing Angles--2 ms Response Time--16.7 Million Colors--60 Hz Refresh Rate",0,Lazada,156.0,48.0,http://sg-live-01.slatic.net/p/2/dell-se2417hg-24-gaming-monitor-7997-72893891-a2473981ed0fa00bd78da39899382605-product.jpg
11108646,WD MY Book 4TB Desktop External Hard Drive (WDBBGB0040HBK),--4TB Capacity--USB 3.0 / USB 2.0 --Auto backup--Password protection--Hardware encryption--2 Years Local Manufacturer Limited Warranty,100,Lazada,189.0,53.0,http://sg-live-02.slatic.net/p/2/wd-my-book-4tb-desktop-external-hard-drive-wdbbgb0040hbk-9147-64680111-9487296012fa641d3f32fccb3d894beb-product.jpg
10034952,"Seagate Backup Plus Slim 2TB Portable External Hard Drive with
Mobile Device Backup USB 3.0 (Black)","--200GB of free OneDrive cloud storage for 2 years is included
when you register a new Backup Plus drive ($95US value)--After registering your drive on Seagate.com, a link will be
provided to add 200GB to any new or existing OneDrive account--Only one offer can be redeemed per OneDrive account, offers
must be activated by June 30, 2017 and may not be available in all
countries--Create easy customized backup plans with included Seagate
Dashboard software--Quick file transfer with USB 3.0 connectivity--USB powered -no power supply necessary",96,Lazada,129.0,28.0,http://sg-live-01.slatic.net/p/2/seagate-backup-plus-slim-2tb-portable-external-hard-drive-withmobile-device-backup-usb-30-black-5482-70572001-98b1af287fdd35ba3a963ba62d0f3000-product.jpg
16667718,"Microsoft Office 2016 Professional Plus Digital Licence 1 PC for
Windows","--Provided is an OEM product activation key for Microsoft Office
Professional Plus 2016--We will provide full instructions with order for how to
download available from Microsoft Website--This is a lifetime licence good for one single PC (not required
to renew annually)--Microsoft Office 2016 Professional Include: Word
2016, Excel 2016, Powerpoint 2016, Outlook
2016, OneNote 2016, Publisher 2016, Access 2016",100,Lazada,98.0,67.0,http://sg-live-03.slatic.net/p/2/microsoft-office-2016-professional-plus-digital-licence-1-pc-forwindows-2257-81776661-62a2490d28f43b91ac3ef68c419f1b1a-product.jpg
17867729,Lenovo ideapad 310 (Silver),--IdeaPad 310-14IKB: 14.0 FHD TN GL(SLIM)--Intel Core I7 7500U--Graphic: NVIDIA® GEFORCE® GT 940MX (4GB DDR3L)--4G DDR4 2133 ONBOARD--1TB 9.5MM 5400RPM--9.0MM SUPER MULTI(TRAY IN)--HD 720P WITH SINGLE MIC--2CELL 39WH--WIFI 1X1 AC+BT4.1--Keyboard ENGLISH--W10 HOME STD,0,Lazada,999.0,13.0,http://sg-live-03.slatic.net/p/2/lenovo-ideapad-310-silver-9651-92776871-8df014ecaf5b314824b8e9ebe5528745-product.jpg
17867727,Lenovo ideapad 100S (Red),--Ideapad 100S-11IBY--11.6 HD TN GL(SLIM)--Z3735--2G DDRIIIL1600 ONBOARD--32G EMMC--Integrated Graphics--NON-INTEL 1X1 BGN+BT4.0--CAMERA 0.3M--2CELL 31.9WH--W10 HOME ETY NB STD AFO 32B,0,Lazada,299.0,9.0,http://sg-live-01.slatic.net/p/2/lenovo-ideapad-100s-red-9651-72776871-be3c50809d820607ecacc41f7cf0136c-product.jpg
20355376,"New Asus Zenbook ROSE GOLD UX330CA-FC045T (Intel m3, 4GB RAM, 128
SSD)","--Panel: 13.3'' FHD LED-backlit Slim IPS (1920x1080)--CPU: m3-7Y30 Processor (4M Cache, up to 2.6GHz)--RAM: 4G LPDDR3 --HDD: SATA3 128G M.2 SSD--Graphics: Intel HD graphics 615--Operating System: Windowns 10 64 bit--Warranty: 2 Years--Bundle  Promotion:McAfee Anti Virus, carry bag (sleeve)
 & cable (dongle)--McAfee",0,Lazada,918.0,34.0,http://sg-live-02.slatic.net/p/2/new-asus-zenbook-rose-gold-ux330ca-fc045t-intel-m3-4gb-ram-128ssd-1511-67355302-1e177632bfc321488a7db609d32b920b-product.jpg
17598325,"Acer Aspire V13 Hello Kitty Limited Edition Laptop (V3-372-56PT) -
13.3” FHD IPS LED-backlit TFT LCD/ intel core i5-7200U/ 4GB RAM/
1TB Storage/W10","--Hello Kitty Limited Edition (Online Exclusive)--13.3” FHD IPS LED-backlit TFT LCD--Intel® Core™  i5-7200U processor (Up to 3.1GHz, 3MB L3
cache)--4GB DDR3L RAM--1TB HDD Storage--Integrated Graphics Card--Windows 10 Home",0,Lazada,1198.0,14.0,http://sg-live-02.slatic.net/p/2/acer-aspire-v13-hello-kitty-limited-edition-laptop-v3-372-56pt-133-fhd-ips-led-backlit-tft-lcd-intel-core-i5-7200u-4gb-ram1tb-storagew10-1456-52389571-0816c34538cdf1c3bc4462123374b8ef-product.jpg
7954758,WD RED 4TB NAS Hard Disk,"--Fill your NAS with WD Red, then fill it with awesome.--Exclusive NASware 3.0--Built for optimum NAS compatibility--3D Active Balance Plus--24/7 reliability--Disk Utilities and Migration Tools",0,Lazada,229.0,15.0,http://sg-live-03.slatic.net/p/2/wd-red-4tb-nas-hard-disk-4051-4608597-4043030b3de2b6176d1265dbfe5ac858-product.jpg
12945473,SanDisk iXpand Mini Flash Drive 32GB USB3.0 for iPhone and iPad,"--Capacity: 32GB--Free up iPhone space fast with the Lightning and USB 3.0
connectors--Automatic photo and video backup when connected --Watch movies on the move –supports popular video formats--Works with most cases due to the flexible connector
design --iXpand Drive App –easily manage files, sync contacts and
more",98,Lazada,41.1,16.0,http://sg-live-01.slatic.net/p/2/sandisk-ixpand-mini-flash-drive-32gb-usb30-for-iphone-and-ipad-6822-37454921-64152a7946a052bb63328a59800a2fac-product.jpg
14498643,LZX EVOLVE S3 Gaming Desktop (i5-8G-1T-N1060-W10H),--Intel® Core™ i5-7400 (Up to 3.50 GHz)--8GB DDR4 Memory--1TB HDD 32MB 7200RPM--NVIDIA Geforce GTX 1060 3GB OC  --4 x USB3.1 (Gen1) SuperSpeed --Microsoft Windows 10 Home 64,0,Lazada,1059.0,18.0,http://sg-live-02.slatic.net/p/2/lzx-evolve-s3-gaming-desktop-i5-8g-1t-n1060-w10h-1485-34689441-ede7ce77316684ec0794966fe754b4ec-product.jpg
20499363,Logitech G102 Optical Gaming Mouse (Online Exclusive),--200DPI to 6000DPI adjustable optical sensor--Direct following model of legendary G1--16.8m LED color customizing--Classic design--USB connectivity with 2m long cable and 1000Hz polling rate--Tension button system--Programmable 6 buttons--Max Acceleration: 25G--Max Speed: More than 200ips--USB Data: 16bit,0,Lazada,35.0,22.0,http://sg-live-03.slatic.net/p/2/logitech-g102-optical-gaming-mouse-online-exclusive-1180-36399402-c904e0c533c1833d6b8e8956ac1202bb-product.jpg
17867737,Lenovo ideacentre610S (Without Projector),--IdeaCentre 610S-02ISH--INTEL PENTIUM G4400T 2.9G 2C--Graphic: INTEGRATED GRAPHIC CARD--4GB DDR4 2133 SODIMM--1TB HD 5400RPM 2.5 SATA3--802.11AC BT4.0 2X2--WIRELESS KB BK ENG--WIRELESS MOUSE BK--WINDOWS 10 HOME 64,0,Lazada,499.0,38.0,http://sg-live-01.slatic.net/p/2/lenovo-ideacentre610s-without-projector-9650-73776871-a93874c80c1e15aa214ea4c4482955b2-product.jpg
19264615,"ROG Strix GeForce GTX 1080 Ti OC edition 11GB GDDR5X with Aura Sync
RGB for best VR & 4K gaming","--NVIDIA GeForce® GTX 1080 Ti is the
fastest gaming GPU that delivers 35% faster performance than the
GeForce GTX 1080.--Dual-ball Bearing Fan runs smoother by
reducing friction, further improving 2X longer card lifespan and
cooling efficiency.--Industry Only Auto-Extreme Technology with Super Alloy
Power II delivers premium quality and best
reliability.--VR-friendly HDMI ports let you enjoy VR
experiences anytime without having to swap cables.--Customizable Backlit Logo gives your
system a truly unique look with your own LED backlit logo
design.--GPU Tweak II with Xsplit
Gamecaster provides intuitive performance tweaking
and instant gameplay streaming.",0,Lazada,1389.0,0.7,http://sg-live-02.slatic.net/p/2/rog-strix-geforce-gtx-1080-ti-oc-edition-11gb-gddr5x-with-aura-syncrgb-for-best-vr-amp-4k-gaming-4311-51646291-cb4a6ad2605f4ccc0baf4f808f4d44b8-product.jpg
17953502,Logitech MK710 Wireless Desktop,"--Up to three-year battery life for both keyboard and mouse--Logitech® Incurve keys™, concave keys with soft rounded edges--Cushioned palm rest,feels better than hard plastic--Sculpted mouse --Logitech® Tiny Unifying receiver  ",0,Lazada,89.0,40.0,http://sg-live-03.slatic.net/p/2/logitech-mk710-wireless-desktop-3461-20535971-df8723314a898fb0ab9ec47508bd213f-product.jpg
18678006,Lenovo Yoga 510 Black,--IdeaPad YOGA 510-14IKB: 14.0 FHD IPS AG TOUCH(SLIM)--Intel Core I7 7500U--Graphic: AMD RADEON™ R5 M430 (2GB DDR3L)--8G(1X8GBDDR4 2133)--1TB 7MM 5400RPM--CAMERA HD 720P WITH ARRAY MIC--3CELL 52.5WH--WIFI 1X1 AC+BT4.0--Backlit Keyboard ENGLISH,0,Lazada,1299.0,7.0,http://sg-live-01.slatic.net/p/2/lenovo-yoga-510-black-9650-60087681-08cc87eeea4e2bd82a3daaf66cff86bb-product.jpg
17953501,LENOVO UHD F309 USB 3.0 Grey External 2TB HDD,--Portable Hard Drive--Capacity: 2 TB--Connectivity: USB 3.0,0,Lazada,124.9,10.0,http://sg-live-01.slatic.net/p/2/lenovo-uhd-f309-usb-30-grey-external-2tb-hdd-4595-10535971-25355fa6a595cc9ddafd0468f72d0c0a-product.jpg
2573740,HP Printer 2130 Color All in One Print Scan Copy Photo Deskjet,"--Count on easy versatility. Print, scan, and copy what you
need quickly with a reliable all-in-one.--Get started in fewer steps. Easily set up this all-in-one
to print, scan, and copy with simple controls.--Save your space with a compact all-in-one designed to fit
on your desk, on a shelf, or anywhere you need it.--Print more for less, using the world’s No. 1 printer
brand plus Original HP ink cartridges--Full of value—print up to twice as many pages with
Original HP high-yield ink cartridges--Conserve resources—without sacrificing performance—using
an all-in-one that’s ENERGY STAR® certified.--Reduce your environmental impact. Count on easy, free
cartridge recycling through HP Planet Partners",100,Lazada,42.88,12.0,http://sg-live-01.slatic.net/p/2/hp-printer-2130-color-all-in-one-print-scan-copy-photo-deskjet-1109-0473752-5b6117f98eaaa4cb4fddc10dcb6cb48a-product.jpg
4057055,"Dell U2417H 24"" InfinityEdge IPS Monitor","--World’s
thinnest border: Create a multiple screen arrangement with
near-continual imagery between multi- monitors via the DisplayPort
1.2(MST) connectivity port.--Convenient connectivity: Bring your compatible mobile
phones and tablets to life on a large screen with 2 HDMI(MHL)
ports. Connect to projectors or other compatible devices through
DisplayPort and mini-DisplayPort connectivity.--Fast charging: A high-current USB 3.0 supplies twice the
power for charging and powering compatible USB devices.--Latest model U2417H (replacing U2414H)",95,Lazada,288.0,33.0,http://sg-live-03.slatic.net/p/2/dell-u2417h-24-infinityedge-ips-monitor-5024-3083328-8c648ae9adc5b0f389c25cc45d9934ef-product.jpg
17898694,"AMD RYZEN 7 1700X 8-Core 3.4 GHz (3.8 GHz Turbo) Socket AM4 95W
YD170XBCAEWOF Desktop Processor",--AMD SenseMI Technology--AMD XFR (eXtended Frequency Range) Technology--Socket AM4--Max Turbo Frequency 3.8 GHz--16MB L3 Cache--4MB L2 Cache--DDR4 Support--Unlocked Processor--Thermal Design Power 95W--Without Fan and Cooler,0,Lazada,598.0,5.0,http://sg-live-03.slatic.net/p/2/amd-ryzen-7-1700x-8-core-34-ghz-38-ghz-turbo-socket-am4-95wyd170xbcaewof-desktop-processor-4262-49689871-5d262a1ccdff8ae16e98860bad0cb4bd-product.jpg
7697972,"Microsoft Office 2016 Home and Business (1 PC) Guarranteed Local
Singapore Distributor's Stocks","--100% Local Microsoft Singapore Distributor's Stocks--Word, Excel, PowerPoint, OneNote, and Outlook for 1 PC--One-time purchase--View, share, or edit documents online",100,Lazada,284.99,13.0,http://sg-live-01.slatic.net/p/2/microsoft-office-2016-home-and-business-1-pc-guarranteed-localsingapore-distributors-stocks-7776-2797967-bb962156171d081973b040eb6b40eb30-product.jpg
17628944,"USB Flash Drive Memory USB Stick U Disk Pen Drive 2TB Pendrive -
intl","-- Capacity:2TB --    Interface: USB 3.0 interface, without drives,
plug-and-play, hot-swappable--    Start: support USB ZIP / HDD start up.--    Applicable models: the various brand PC and
compatible computer",100,Lazada,16.25,55.0,http://sg-live-02.slatic.net/p/2/usb-flash-drive-memory-usb-stick-u-disk-pen-drive-2tb-pendrive-intl-2566-44982671-53b23f0ed19b812c3c33750bbea98c6d-product.jpg
11416668,Logitech Wireless Mouse M275 (Online Exclusive),--2.4GHz wireless mouse--1000DPi sensor--25m wireless range--3 buttons--18 month battery life,94,Lazada,20.0,20.0,http://sg-live-02.slatic.net/p/2/logitech-wireless-mouse-m275-online-exclusive-6858-86661411-87ec10f005c8ce95267b043088805a52-product.jpg
17953503,Toshiba 1TB Canvio Ready Portable HDD - Black (HDTP210AK3AA),--2.5 external hard drive--USB 3.0 (USB 2.0 Compatible)--USB powered--1TB--3 Years Local Supplier Limited Warranty,0,Lazada,80.0,16.0,http://sg-live-02.slatic.net/p/2/toshiba-1tb-canvio-ready-portable-hdd-black-hdtp210ak3aa-4692-30535971-41c918f5ad1e009695e6b92e97dc5879-product.jpg
19839325,"Dell Inspiron 14''-5459 Business Class Notebook
(i7-6500U/4G/1TB)(Red)","--Intel Core i76500U--1TB SATA HDD--NVIDIA® GeForce® 930M with 4GB DDR3 discrete graphics--With VGA interface--14"" HD (1366 x 768) Antiglare LEDBacklit Display--Microsoft Windows 10 64Bits Operating System",0,Lazada,878.0,9.0,http://sg-live-03.slatic.net/p/2/dell-inspiron-14-5459-business-class-notebooki7-6500u4g1tbred-4429-52393891-49283621971d0a771824d4a7242fcb77-product.jpg
9196645,"HP 7th Gen15.6"" Intel Core i5 8GB RAM Graphic Card 2GB Full HD
windows 10","--\u003Cul\u003E \u003Cli\u003ENew 7th Generation Processor and
new\u003C/li\u003E \u003Cli\u003EWindows 10 \u003C/li\u003E
\u003Cli\u003EUpgrade to 8 GB RAM(worth 50 SGD)\u003C/li\u003E
\u003Cli\u003E1TB HDD\u003C/li\u003E \u003Cli\u003EFree Wireless
Mouse(worth 30 SGD)\u003C/li\u003E \u003C/ul\u003E
\u003Cp\u003E \u003C/p\u003E",84,Lazada,788.0,39.0,http://sg-live-01.slatic.net/p/2/hp-7th-gen156-intel-core-i5-8gb-ram-graphic-card-2gb-full-hdwindows-10-1345-5466919-3f45c621c46a377441c0b0011381e143-product.jpg
3346122,Acer Predator X34 QHD IPS G-Sync Gaming Monitor,"--34"" Ultrawide QHD (3440x1440)--IPS 4ms response time--Up to 100Hz Refresh Rate--3800R Curvature Curved Immersion--ZeroFrame design for multi-monitor setups--Nvidia G-Sync 2--3 Years On-site Warranty",100,Lazada,1309.0,13.0,http://sg-live-02.slatic.net/p/2/acer-predator-x34-qhd-ips-g-sync-gaming-monitor-5709-20022531-782292347cd9be2ce5909dc649b7fabc-product.jpg
18158658,BenQ EW2775ZH Brightness Intelligence Technology Eye Care Monitor,"--TUV Rheinland Certification for Flicker-free and Low Blue
Light--27 inch 1920x1080 FHD resolution--Brightness Intelligence Technology--Low Blue Light Plus mode--3000:1 Native Contrast Ratio--Reduce Eye Strain in any Lighting Environment",0,Lazada,269.0,0,http://sg-live-02.slatic.net/p/2/benq-ew2775zh-brightness-intelligence-technology-eye-care-monitor-8299-85685181-3c453f80ee5d9822ea88704bd9a1ab05-product.jpg
11416669,Logitech MK240 Wireless Compact Keyboard and Mouse Combo – Vivid Red (Online Exclusive),--36-month battery life--Adjustable keyboard height--Spill-resistant design*--2.4GHz wireless (10 meters)--Nano USB receiver--12-month battery life--Contoured compact shape--High-definition optical tracking (1000 dpi),100,Lazada,27.0,10.0,http://sg-live-03.slatic.net/p/2/logitech-mk240-wireless-compact-keyboard-and-mouse-combo-vivid-red-online-exclusive-7409-96661411-947afbb1f38b1ef908cfabe20aff2608-product.jpg
689571,"Logitech MX Master Wireless Mouse, Large Mouse, Computer Wireless
Mouse","--Unique thumb wheel: For horizontal
navigation and advanced gestures--Easy connections for multiple computers:
Use with up to three Windows or Mac computers via included Unifying
receiver or Bluetooth Smart wireless technology--Easy switching between computers with the
touch of the button--Tracks virtually anywhere - even on
glass: The Dark field Laser sensor tracks flawlessly even on glass
and high-gloss surfaces (4mm minimum thickness)--Advanced power management: Up to 40 days
of power on single charge. You can get enough power for a full day
of usage in only 4 minutes, with no downtime while recharging. (
Battery life may vary based on user and computer
conditions)",89,Lazada,114.0,23.0,http://sg-live-02.slatic.net/p/2/logitech-mx-master-wireless-mouse-large-mouse-computer-wirelessmouse-3343-7990888-5def1cf3cf612d65b30d45ccbe921b54-product.jpg
11432288,Asus G752 980m with G-Sync ( Refurbished ),"--Asus G752 980m with G-Sync--17.3 in Full HD IPS (1920 x 1080) With G-Sync--Intel Core i7-6700HQ 60 GHz with Turbo Boost Technology up to
3.50 GHz--16GB DDR4 2133 MHz--128GB NVME SSD + 1TB HDD--Windows 10 Home, 64-bit--Asus Factory Newly Refurbished Set!--90 Days Local Seller Warranty on Hardware",0,Lazada,1899.0,42.0,http://sg-live-02.slatic.net/p/2/asus-g752-980m-with-g-sync-refurbished-0215-88223411-d33285cebd43e80096a489adbee3f089-product.jpg
4402172,Samsung SSD 850 EVO Internal Hard Drive 1TB,--Innovative 3D V-NAND Technology--Incredible Read/Write Performance--Enhanced Endurance and Reliability.--Efficient Power Management--Enhanced RAPID mode--Dynamic Thermal Guard Protection--5 years local Samsung warranty,100,Lazada,519.0,45.0,http://sg-live-01.slatic.net/p/2/samsung-ssd-850-evo-internal-hard-drive-1tb-3660-2712044-01202252a09a00117609a11232ce29f1-product.jpg
10034952,"Seagate Backup Plus Slim 2TB Portable External Hard Drive with
Mobile Device Backup USB 3.0 (Black)","--200GB of free OneDrive cloud storage for 2 years is included
when you register a new Backup Plus drive ($95US value)--After registering your drive on Seagate.com, a link will be
provided to add 200GB to any new or existing OneDrive account--Only one offer can be redeemed per OneDrive account, offers
must be activated by June 30, 2017 and may not be available in all
countries--Create easy customized backup plans with included Seagate
Dashboard software--Quick file transfer with USB 3.0 connectivity--USB powered -no power supply necessary",92,Lazada,129.0,28.0,http://sg-live-01.slatic.net/p/2/seagate-backup-plus-slim-2tb-portable-external-hard-drive-withmobile-device-backup-usb-30-black-5482-70572001-98b1af287fdd35ba3a963ba62d0f3000-product.jpg
20499363,Logitech G102 Optical Gaming Mouse (Online Exclusive),--200DPI to 6000DPI adjustable optical sensor--Direct following model of legendary G1--16.8m LED color customizing--Classic design--USB connectivity with 2m long cable and 1000Hz polling rate--Tension button system--Programmable 6 buttons--Max Acceleration: 25G--Max Speed: More than 200ips--USB Data: 16bit,0,Lazada,35.0,22.0,http://sg-live-03.slatic.net/p/2/logitech-g102-optical-gaming-mouse-online-exclusive-1180-36399402-c904e0c533c1833d6b8e8956ac1202bb-product.jpg
8458787,Xiaomi Mi Notebook Air 13.3″ Silver (EXPORT),--Slim all-metal body--Full HD screen--Ultra-narrow borders--Long battery life — 9.5 hours-- Intel Core i5 processor--NVIDIA 940MX graphics card--1GB GDDR5--8 GB DDR4 RAM--256GB SSD PCIe,77,Lazada,1046.0,30.0,http://sg-live-02.slatic.net/p/2/xiaomi-mi-notebook-air-133-silver-export-1474-7878548-f1946cf03c19284b837603addbca278d-product.jpg
12945473,SanDisk iXpand Mini Flash Drive 32GB USB3.0 for iPhone and iPad,"--Capacity: 32GB--Free up iPhone space fast with the Lightning and USB 3.0
connectors--Automatic photo and video backup when connected --Watch movies on the move –supports popular video formats--Works with most cases due to the flexible connector
design --iXpand Drive App –easily manage files, sync contacts and
more",98,Lazada,41.1,16.0,http://sg-live-01.slatic.net/p/2/sandisk-ixpand-mini-flash-drive-32gb-usb30-for-iphone-and-ipad-6822-37454921-64152a7946a052bb63328a59800a2fac-product.jpg
17628944,"USB Flash Drive Memory USB Stick U Disk Pen Drive 2TB Pendrive -
intl","-- Capacity:2TB --    Interface: USB 3.0 interface, without drives,
plug-and-play, hot-swappable--    Start: support USB ZIP / HDD start up.--    Applicable models: the various brand PC and
compatible computer",95,Lazada,16.25,55.0,http://sg-live-02.slatic.net/p/2/usb-flash-drive-memory-usb-stick-u-disk-pen-drive-2tb-pendrive-intl-2566-44982671-53b23f0ed19b812c3c33750bbea98c6d-product.jpg
20355376,"New Asus Zenbook ROSE GOLD UX330CA-FC045T (Intel m3, 4GB RAM, 128
SSD)","--Panel: 13.3'' FHD LED-backlit Slim IPS (1920x1080)--CPU: m3-7Y30 Processor (4M Cache, up to 2.6GHz)--RAM: 4G LPDDR3 --HDD: SATA3 128G M.2 SSD--Graphics: Intel HD graphics 615--Operating System: Windowns 10 64 bit--Warranty: 2 Years--Bundle  Promotion:McAfee Anti Virus, carry bag (sleeve)
 & cable (dongle)--McAfee",0,Lazada,898.0,36.0,http://sg-live-02.slatic.net/p/2/new-asus-zenbook-rose-gold-ux330ca-fc045t-intel-m3-4gb-ram-128ssd-1511-67355302-1e177632bfc321488a7db609d32b920b-product.jpg
7954758,WD RED 4TB NAS Hard Disk,"--Fill your NAS with WD Red, then fill it with awesome.--Exclusive NASware 3.0--Built for optimum NAS compatibility--3D Active Balance Plus--24/7 reliability--Disk Utilities and Migration Tools",100,Lazada,229.0,15.0,http://sg-live-03.slatic.net/p/2/wd-red-4tb-nas-hard-disk-4051-4608597-4043030b3de2b6176d1265dbfe5ac858-product.jpg
11108646,WD MY Book 4TB Desktop External Hard Drive (WDBBGB0040HBK),--4TB Capacity--USB 3.0 / USB 2.0 --Auto backup--Password protection--Hardware encryption--2 Years Local Manufacturer Limited Warranty,100,Lazada,189.0,53.0,http://sg-live-02.slatic.net/p/2/wd-my-book-4tb-desktop-external-hard-drive-wdbbgb0040hbk-9147-64680111-9487296012fa641d3f32fccb3d894beb-product.jpg
19158272,GIGABYTE GeForce® GTX 1080 Ti Gaming OC 11GB DDR5,--Powered by GeForce® GTX 1080 Ti--Integrated with 11GB GDDR5X 352-bit memory interface--WINDFORCE 3X Cooling System--RGB fusion – 16.8M customizable color lighting--Built for Extreme Overclocking 8+2 Power Phases--Boost: 1657 MHz / Base: 1544 MHz in OC mode --Boost: 1632 MHz / Base: 1518 MHz in Gaming mode,0,Lazada,1148.0,9.0,http://sg-live-02.slatic.net/p/2/gigabyte-geforce-gtx-1080-ti-gaming-oc-11gb-ddr5-7458-27285191-180a3122bab2970e31478290c8777fe5-product.jpg
19839827,"Dell SE2417HG 24"" Gaming Monitor","--TN (Twisted Nematic) Panel--HDMI + VGA Inputs--1920 x 1080 Full HD Resolution--1,000:1 Contrast Ratio--300 cd/m² Brightness--160°/170° Viewing Angles--2 ms Response Time--16.7 Million Colors--60 Hz Refresh Rate",87,Lazada,153.0,36.0,http://sg-live-01.slatic.net/p/2/dell-se2417hg-24-gaming-monitor-7997-72893891-a2473981ed0fa00bd78da39899382605-product.jpg
8491857,"Dell U2417H 24"" InfinityEdge IPS Monitor","--World’s
thinnest border: Create a multiple screen arrangement with
near-continual imagery between multi- monitors via the DisplayPort
1.2(MST) connectivity port.--Convenient connectivity: Bring your compatible mobile
phones and tablets to life on a large screen with 2 HDMI(MHL)
ports. Connect to projectors or other compatible devices through
DisplayPort and mini-DisplayPort connectivity.--Fast charging: A high-current USB 3.0 supplies twice the
power for charging and powering compatible USB devices.--Latest model U2417H (replacing U2414H)",95,Lazada,289.0,24.0,http://sg-live-03.slatic.net/p/2/dell-u2417h-24-infinityedge-ips-monitor-5024-3083328-8c648ae9adc5b0f389c25cc45d9934ef-product.jpg
15390748,"Green alliance usb splitter dragged four more than 7 port computer
usb extension hub usb otg interface hub converter","--Brief design 4 port/7 port with OTG function--Brand : Green alliance--Interface nature : USB extension hub--Whether the external power supply : No external power
supply--Item : CR106",0,Lazada,3.4,0,http://sg-live-01.slatic.net/p/2/green-alliance-usb-splitter-dragged-four-more-than-7-port-computerusb-extension-hub-usb-otg-interface-hub-converter-0576-84709351-9b6a43805c12938a104903a09d366e89-product.jpg
17867726,Lenovo ideapad 310 (Silver),--IdeaPad 310-14IKB: 14.0 FHD TN GL(SLIM)--Intel Core I5 7200U--Graphic: NVIDIA® GEFORCE® GT 940MX (4GB DDR3L)--4G DDR4 2133 ONBOARD--1TB 9.5MM 5400RPM--9.0MM SUPER MULTI(TRAY IN)--HD 720P WITH SINGLE MIC--2CELL 39WH--WIFI 1X1 AC+BT4.1--Keyboard ENGLISH--W10 HOME STD,0,Lazada,899.0,10.0,http://sg-live-02.slatic.net/p/2/lenovo-ideapad-310-silver-9650-62776871-8df014ecaf5b314824b8e9ebe5528745-product.jpg
17867705,Lenovo ideapad 100S (Silver),--Ideapad 100S-11IBY--11.6 HD TN GL(SLIM)--Z3735F--2G DDRIIIL1600 ONBOARD--32G EMMC--Integrated Graphic--NON-INTEL 1X1 BGN+BT4.0--CAMERA 0.3M--2CELL 31.9WH--W10HOME ETY NB STD AFO 32B,0,Lazada,299.0,9.0,http://sg-live-01.slatic.net/p/2/lenovo-ideapad-100s-silver-9651-50776871-bb3f9794816a77d6c7f01ba87628c4ff-product.jpg
2573740,HP Printer 2130 Color All in One Print Scan Copy Photo Deskjet,"--Count on easy versatility. Print, scan, and copy what you
need quickly with a reliable all-in-one.--Get started in fewer steps. Easily set up this all-in-one
to print, scan, and copy with simple controls.--Save your space with a compact all-in-one designed to fit
on your desk, on a shelf, or anywhere you need it.--Print more for less, using the world’s No. 1 printer
brand plus Original HP ink cartridges--Full of value—print up to twice as many pages with
Original HP high-yield ink cartridges--Conserve resources—without sacrificing performance—using
an all-in-one that’s ENERGY STAR® certified.--Reduce your environmental impact. Count on easy, free
cartridge recycling through HP Planet Partners",95,Lazada,42.5,13.0,http://sg-live-01.slatic.net/p/2/hp-printer-2130-color-all-in-one-print-scan-copy-photo-deskjet-1109-0473752-5b6117f98eaaa4cb4fddc10dcb6cb48a-product.jpg
17898694,"AMD RYZEN 7 1700X 8-Core 3.4 GHz (3.8 GHz Turbo) Socket AM4 95W
YD170XBCAEWOF Desktop Processor",--AMD SenseMI Technology--AMD XFR (eXtended Frequency Range) Technology--Socket AM4--Max Turbo Frequency 3.8 GHz--16MB L3 Cache--4MB L2 Cache--DDR4 Support--Unlocked Processor--Thermal Design Power 95W--Without Fan and Cooler,0,Lazada,598.0,5.0,http://sg-live-03.slatic.net/p/2/amd-ryzen-7-1700x-8-core-34-ghz-38-ghz-turbo-socket-am4-95wyd170xbcaewof-desktop-processor-4262-49689871-5d262a1ccdff8ae16e98860bad0cb4bd-product.jpg
17598325,"Acer Aspire V13 Hello Kitty Limited Edition Laptop (V3-372-56PT) -
13.3” FHD IPS LED-backlit TFT LCD/ intel core i5-7200U/ 4GB RAM/
1TB Storage/W10","--Hello Kitty Limited Edition (Online Exclusive)--13.3” FHD IPS LED-backlit TFT LCD--Intel® Core™  i5-7200U processor (Up to 3.1GHz, 3MB L3
cache)--4GB DDR3L RAM--1TB HDD Storage--Integrated Graphics Card--Windows 10 Home",0,Lazada,1198.0,14.0,http://sg-live-02.slatic.net/p/2/acer-aspire-v13-hello-kitty-limited-edition-laptop-v3-372-56pt-133-fhd-ips-led-backlit-tft-lcd-intel-core-i5-7200u-4gb-ram1tb-storagew10-1456-52389571-0816c34538cdf1c3bc4462123374b8ef-product.jpg
16667718,Microsoft Office 2016 Professional Plus 1 PC for Windows,"--Provided is an OEM product activation key for Microsoft Office
Professional Plus 2016--We will provide full instructions with order for how to
download available from Microsoft Website--This is a lifetime licence good for one single PC (not required
to renew annually)--Microsoft Office 2016 Professional Include: Word
2016, Excel 2016, Powerpoint 2016, Outlook
2016, OneNote 2016, Publisher 2016, Access 2016",100,Lazada,98.0,67.0,http://sg-live-03.slatic.net/p/2/microsoft-office-2016-professional-plus-1-pc-for-windows-2257-81776661-62a2490d28f43b91ac3ef68c419f1b1a-product.jpg
17867727,Lenovo ideapad 100S (Red),--Ideapad 100S-11IBY--11.6 HD TN GL(SLIM)--Z3735--2G DDRIIIL1600 ONBOARD--32G EMMC--Integrated Graphics--NON-INTEL 1X1 BGN+BT4.0--CAMERA 0.3M--2CELL 31.9WH--W10 HOME ETY NB STD AFO 32B,0,Lazada,299.0,9.0,http://sg-live-01.slatic.net/p/2/lenovo-ideapad-100s-red-9651-72776871-be3c50809d820607ecacc41f7cf0136c-product.jpg
14498643,LZX EVOLVE S3 Gaming Desktop (i5-8G-1T-N1060-W10H),--Intel® Core™ i5-7400 (Up to 3.50 GHz)--8GB DDR4 Memory--1TB HDD 32MB 7200RPM--NVIDIA Geforce GTX 1060 3GB OC  --4 x USB3.1 (Gen1) SuperSpeed --Microsoft Windows 10 Home 64,0,Lazada,1059.0,18.0,http://sg-live-02.slatic.net/p/2/lzx-evolve-s3-gaming-desktop-i5-8g-1t-n1060-w10h-1485-34689441-ede7ce77316684ec0794966fe754b4ec-product.jpg
17953501,LENOVO UHD F309 USB 3.0 Grey External 2TB HDD,--Portable Hard Drive--Capacity: 2 TB--Connectivity: USB 3.0,0,Lazada,124.9,10.0,http://sg-live-01.slatic.net/p/2/lenovo-uhd-f309-usb-30-grey-external-2tb-hdd-4595-10535971-25355fa6a595cc9ddafd0468f72d0c0a-product.jpg
10034948,Seagate Expansion 4TB Portable External Hard Drive USB 3.0,"--Expands your Xbox One gaming experience.
Connect this drive to the Xbox One USB port to immediately add
storage capacity to your console--Easy and simple to use - plug it in and
go--Fast file transfers with USB
3.0--Compatible with USB 3.0 and USB
2.0--Powered by USB port",100,Lazada,159.0,20.0,http://sg-live-03.slatic.net/p/2/seagate-expansion-4tb-portable-external-hard-drive-usb-30-9805-3015726-45720edbc3b47fd6e151d5cb7212ee87-product.jpg
17953502,Logitech MK710 Wireless Desktop,"--Up to three-year battery life for both keyboard and mouse--Logitech® Incurve keys™, concave keys with soft rounded edges--Cushioned palm rest,feels better than hard plastic--Sculpted mouse --Logitech® Tiny Unifying receiver  ",0,Lazada,99.0,34.0,http://sg-live-03.slatic.net/p/2/logitech-mk710-wireless-desktop-3461-20535971-df8723314a898fb0ab9ec47508bd213f-product.jpg
7697972,"Microsoft Office 2016 Home and Business (1 PC) Guarranteed Local
Singapore Distributor's Stocks","--100% Local Microsoft Singapore Distributor's Stocks--Word, Excel, PowerPoint, OneNote, and Outlook for 1 PC--One-time purchase--View, share, or edit documents online",100,Lazada,284.99,13.0,http://sg-live-01.slatic.net/p/2/microsoft-office-2016-home-and-business-1-pc-guarranteed-localsingapore-distributors-stocks-7776-2797967-bb962156171d081973b040eb6b40eb30-product.jpg
9779407,Logitech M331 Silent Plus,--ENJOY THE SOUND OF SILENCE--CRAFTED FOR YOUR RIGHT HAND--24-MONTH BATTERY LIFE--SIMPLE. RELIABLE. STRONG,90,Lazada,24.7,23.0,http://sg-live-02.slatic.net/p/2/logitech-m331-silent-plus-1428-4755949-465cfc52b08cd08a31edf99e1558c174-product.jpg
17867729,Lenovo ideapad 310 (Silver),--IdeaPad 310-14IKB: 14.0 FHD TN GL(SLIM)--Intel Core I7 7500U--Graphic: NVIDIA® GEFORCE® GT 940MX (4GB DDR3L)--4G DDR4 2133 ONBOARD--1TB 9.5MM 5400RPM--9.0MM SUPER MULTI(TRAY IN)--HD 720P WITH SINGLE MIC--2CELL 39WH--WIFI 1X1 AC+BT4.1--Keyboard ENGLISH--W10 HOME STD,0,Lazada,999.0,13.0,http://sg-live-03.slatic.net/p/2/lenovo-ideapad-310-silver-9651-92776871-8df014ecaf5b314824b8e9ebe5528745-product.jpg
8533391,"Jo.In Universal USB 2.0 A Male to Mini 5 Pin B Data Charging Cable
Cord Adapter Black - Intl","--100% Brand New.--Material: Metal and Rubber--Color: Black--Length: 76cm/29.6 inch (Approx)--Generic USB 2.0 Cable. Type A to Mini 5-Pin Type
B--Quantity: 1pc--Transfer images and data between your camera / cell phone
to computer by USB port--Connectors: USB to Mini USB 5-Pin--USB 2.0 specification. Hi-Speed transfer rates up to
480Mbps--Compatible with for PC and Mac--Package Included: 1 x Sync Cable--Note: Due to the difference between different monitors.
the picture may not reflect the actual color of the item. We
guarantee the style is the same as shown in the pictures. but not
the same performance on different bodies as on the model. Thank
you!",0,Lazada,3.5,79.0,http://sg-live-01.slatic.net/p/2/join-universal-usb-20-a-male-to-mini-5-pin-b-data-charging-cablecord-adapter-black-intl-0109-1933358-95b7989bc363e80492904701520f1c4a-product.jpg
9782691,Logitech MK345 Wireless Combo,--Wireless Mouse and Keyboard Combo--Comfortable Right Handed Mouse--Palm Wrest for keyboard--Modern design with powerful features--Adjustable keyboard height,0,Lazada,39.8,28.0,http://sg-live-01.slatic.net/images/spinbasket/placeholder/placeholder_l_4.jpg
18678006,Lenovo Yoga 510 Black,--IdeaPad YOGA 510-14IKB: 14.0 FHD IPS AG TOUCH(SLIM)--Intel Core I7 7500U--Graphic: AMD RADEON™ R5 M430 (2GB DDR3L)--8G(1X8GBDDR4 2133)--1TB 7MM 5400RPM--CAMERA HD 720P WITH ARRAY MIC--3CELL 52.5WH--WIFI 1X1 AC+BT4.0--Backlit Keyboard ENGLISH,0,Lazada,1299.0,7.0,http://sg-live-01.slatic.net/p/2/lenovo-yoga-510-black-9650-60087681-08cc87eeea4e2bd82a3daaf66cff86bb-product.jpg
19839325,"Dell Inspiron 14''-5459 Business Class Notebook
(i7-6500U/4G/1TB)(Red)","--Intel Core i76500U--1TB SATA HDD--NVIDIA® GeForce® 930M with 4GB DDR3 discrete graphics--With VGA interface--14"" HD (1366 x 768) Antiglare LEDBacklit Display--Microsoft Windows 10 64Bits Operating System",0,Lazada,878.0,9.0,http://sg-live-03.slatic.net/p/2/dell-inspiron-14-5459-business-class-notebooki7-6500u4g1tbred-4429-52393891-49283621971d0a771824d4a7242fcb77-product.jpg
3346122,Acer Predator X34 QHD IPS G-Sync Gaming Monitor,"--34"" Ultrawide QHD (3440x1440)--IPS 4ms response time--Up to 100Hz Refresh Rate--3800R Curvature Curved Immersion--ZeroFrame design for multi-monitor setups--Nvidia G-Sync 2--3 Years On-site Warranty",100,Lazada,1309.0,13.0,http://sg-live-02.slatic.net/p/2/acer-predator-x34-qhd-ips-g-sync-gaming-monitor-5709-20022531-782292347cd9be2ce5909dc649b7fabc-product.jpg
6760807,SanDisk Ultra Flair 128GB USB 3.0 Flash Drive (Up To 150MB/s),"--5-year limited warranty--Transfer Speeds Up to 150MB/s--High Speed USB 3.0 performance--Sleek, durable metal casing--SanDisk SecureAccess Software Protects Your Privacy--Easy File Recovery with RescuePRO Deluxe Software",92,Lazada,51.0,32.0,http://sg-live-02.slatic.net/p/2/sandisk-ultra-flair-128gb-usb-30-flash-drive-up-to-150mbs-0241-7080676-b37774d95d0eb22cf408c8a6c62f9e78-product.jpg
11416669,Logitech MK240 Wireless Compact Keyboard and Mouse Combo – Vivid Red (Online Exclusive),--36-month battery life--Adjustable keyboard height--Spill-resistant design*--2.4GHz wireless (10 meters)--Nano USB receiver--12-month battery life--Contoured compact shape--High-definition optical tracking (1000 dpi),87,Lazada,27.0,10.0,http://sg-live-03.slatic.net/p/2/logitech-mk240-wireless-compact-keyboard-and-mouse-combo-vivid-red-online-exclusive-7409-96661411-947afbb1f38b1ef908cfabe20aff2608-product.jpg
689571,"Logitech MX Master Wireless Mouse, Large Mouse, Computer Wireless
Mouse","--Unique thumb wheel: For horizontal
navigation and advanced gestures--Easy connections for multiple computers:
Use with up to three Windows or Mac computers via included Unifying
receiver or Bluetooth Smart wireless technology--Easy switching between computers with the
touch of the button--Tracks virtually anywhere - even on
glass: The Dark field Laser sensor tracks flawlessly even on glass
and high-gloss surfaces (4mm minimum thickness)--Advanced power management: Up to 40 days
of power on single charge. You can get enough power for a full day
of usage in only 4 minutes, with no downtime while recharging. (
Battery life may vary based on user and computer
conditions)",89,Lazada,91.2,39.0,http://sg-live-02.slatic.net/p/2/logitech-mx-master-wireless-mouse-large-mouse-computer-wirelessmouse-3343-7990888-5def1cf3cf612d65b30d45ccbe921b54-product.jpg
9196645,"HP 7th Gen15.6"" Intel Core i5 8GB RAM Graphic Card 2GB Full HD
windows 10","--\u003Cul\u003E \u003Cli\u003ENew 7th Generation Processor and
new\u003C/li\u003E \u003Cli\u003EWindows 10 \u003C/li\u003E
\u003Cli\u003EUpgrade to 8 GB RAM(worth 50 SGD)\u003C/li\u003E
\u003Cli\u003E1TB HDD\u003C/li\u003E \u003Cli\u003EFree Wireless
Mouse(worth 30 SGD)\u003C/li\u003E \u003C/ul\u003E
\u003Cp\u003E \u003C/p\u003E",84,Lazada,788.0,39.0,http://sg-live-01.slatic.net/p/2/hp-7th-gen156-intel-core-i5-8gb-ram-graphic-card-2gb-full-hdwindows-10-1345-5466919-3f45c621c46a377441c0b0011381e143-product.jpg
8492274,Xiaomi Mi Notebook/Xiaomi Mi Laptop Air 13.3″ (EXPORT),--Slim all-metal body--256GB SSD PCIe--8 GB DDR4 RAM--Long battery life — 9.5 hours--Intel Core i5 processor--NVIDIA 940MX graphics card--Ultra-narrow borders--Full HD screen,94,Lazada,959.0,52.0,http://sg-live-01.slatic.net/p/2/xiaomi-mi-notebookxiaomi-mi-laptop-air-133-export-2580-4722948-17ef2daaaaa2a5068c6fcab72f02b9f1-product.jpg
10034952,"Seagate Backup Plus Slim 2TB Portable External Hard Drive with
Mobile Device Backup USB 3.0 (Black)","--200GB of free OneDrive cloud storage for 2 years is included
when you register a new Backup Plus drive ($95US value)--After registering your drive on Seagate.com, a link will be
provided to add 200GB to any new or existing OneDrive account--Only one offer can be redeemed per OneDrive account, offers
must be activated by June 30, 2017 and may not be available in all
countries--Create easy customized backup plans with included Seagate
Dashboard software--Quick file transfer with USB 3.0 connectivity--USB powered -no power supply necessary",92,Lazada,129.0,28.0,http://sg-live-01.slatic.net/p/2/seagate-backup-plus-slim-2tb-portable-external-hard-drive-withmobile-device-backup-usb-30-black-5482-70572001-98b1af287fdd35ba3a963ba62d0f3000-product.jpg
20499363,Logitech G102 Optical Gaming Mouse (Online Exclusive),--200DPI to 6000DPI adjustable optical sensor--Direct following model of legendary G1--16.8m LED color customizing--Classic design--USB connectivity with 2m long cable and 1000Hz polling rate--Tension button system--Programmable 6 buttons--Max Acceleration: 25G--Max Speed: More than 200ips--USB Data: 16bit,0,Lazada,35.0,22.0,http://sg-live-03.slatic.net/p/2/logitech-g102-optical-gaming-mouse-online-exclusive-1180-36399402-c904e0c533c1833d6b8e8956ac1202bb-product.jpg
8458787,Xiaomi Mi Notebook Air 13.3″ Silver (EXPORT),--Slim all-metal body--Full HD screen--Ultra-narrow borders--Long battery life — 9.5 hours-- Intel Core i5 processor--NVIDIA 940MX graphics card--1GB GDDR5--8 GB DDR4 RAM--256GB SSD PCIe,77,Lazada,1046.0,30.0,http://sg-live-02.slatic.net/p/2/xiaomi-mi-notebook-air-133-silver-export-1474-7878548-f1946cf03c19284b837603addbca278d-product.jpg
12945473,SanDisk iXpand Mini Flash Drive 32GB USB3.0 for iPhone and iPad,"--Capacity: 32GB--Free up iPhone space fast with the Lightning and USB 3.0
connectors--Automatic photo and video backup when connected --Watch movies on the move –supports popular video formats--Works with most cases due to the flexible connector
design --iXpand Drive App –easily manage files, sync contacts and
more",98,Lazada,41.1,16.0,http://sg-live-01.slatic.net/p/2/sandisk-ixpand-mini-flash-drive-32gb-usb30-for-iphone-and-ipad-6822-37454921-64152a7946a052bb63328a59800a2fac-product.jpg
17628944,"USB Flash Drive Memory USB Stick U Disk Pen Drive 2TB Pendrive -
intl","-- Capacity:2TB --    Interface: USB 3.0 interface, without drives,
plug-and-play, hot-swappable--    Start: support USB ZIP / HDD start up.--    Applicable models: the various brand PC and
compatible computer",95,Lazada,16.25,55.0,http://sg-live-02.slatic.net/p/2/usb-flash-drive-memory-usb-stick-u-disk-pen-drive-2tb-pendrive-intl-2566-44982671-53b23f0ed19b812c3c33750bbea98c6d-product.jpg
20355376,"New Asus Zenbook ROSE GOLD UX330CA-FC045T (Intel m3, 4GB RAM, 128
SSD)","--Panel: 13.3'' FHD LED-backlit Slim IPS (1920x1080)--CPU: m3-7Y30 Processor (4M Cache, up to 2.6GHz)--RAM: 4G LPDDR3 --HDD: SATA3 128G M.2 SSD--Graphics: Intel HD graphics 615--Operating System: Windowns 10 64 bit--Warranty: 2 Years--Bundle  Promotion:McAfee Anti Virus, carry bag (sleeve)
 & cable (dongle)--McAfee",0,Lazada,898.0,36.0,http://sg-live-02.slatic.net/p/2/new-asus-zenbook-rose-gold-ux330ca-fc045t-intel-m3-4gb-ram-128ssd-1511-67355302-1e177632bfc321488a7db609d32b920b-product.jpg
7954758,WD RED 4TB NAS Hard Disk,"--Fill your NAS with WD Red, then fill it with awesome.--Exclusive NASware 3.0--Built for optimum NAS compatibility--3D Active Balance Plus--24/7 reliability--Disk Utilities and Migration Tools",100,Lazada,229.0,15.0,http://sg-live-03.slatic.net/p/2/wd-red-4tb-nas-hard-disk-4051-4608597-4043030b3de2b6176d1265dbfe5ac858-product.jpg
11108646,WD MY Book 4TB Desktop External Hard Drive (WDBBGB0040HBK),--4TB Capacity--USB 3.0 / USB 2.0 --Auto backup--Password protection--Hardware encryption--2 Years Local Manufacturer Limited Warranty,100,Lazada,189.0,53.0,http://sg-live-02.slatic.net/p/2/wd-my-book-4tb-desktop-external-hard-drive-wdbbgb0040hbk-9147-64680111-9487296012fa641d3f32fccb3d894beb-product.jpg
19158272,GIGABYTE GeForce® GTX 1080 Ti Gaming OC 11GB DDR5,--Powered by GeForce® GTX 1080 Ti--Integrated with 11GB GDDR5X 352-bit memory interface--WINDFORCE 3X Cooling System--RGB fusion – 16.8M customizable color lighting--Built for Extreme Overclocking 8+2 Power Phases--Boost: 1657 MHz / Base: 1544 MHz in OC mode --Boost: 1632 MHz / Base: 1518 MHz in Gaming mode,0,Lazada,1148.0,9.0,http://sg-live-02.slatic.net/p/2/gigabyte-geforce-gtx-1080-ti-gaming-oc-11gb-ddr5-7458-27285191-180a3122bab2970e31478290c8777fe5-product.jpg
19839827,"Dell SE2417HG 24"" Gaming Monitor","--TN (Twisted Nematic) Panel--HDMI + VGA Inputs--1920 x 1080 Full HD Resolution--1,000:1 Contrast Ratio--300 cd/m² Brightness--160°/170° Viewing Angles--2 ms Response Time--16.7 Million Colors--60 Hz Refresh Rate",87,Lazada,153.0,36.0,http://sg-live-01.slatic.net/p/2/dell-se2417hg-24-gaming-monitor-7997-72893891-a2473981ed0fa00bd78da39899382605-product.jpg
8491857,"Dell U2417H 24"" InfinityEdge IPS Monitor","--World’s
thinnest border: Create a multiple screen arrangement with
near-continual imagery between multi- monitors via the DisplayPort
1.2(MST) connectivity port.--Convenient connectivity: Bring your compatible mobile
phones and tablets to life on a large screen with 2 HDMI(MHL)
ports. Connect to projectors or other compatible devices through
DisplayPort and mini-DisplayPort connectivity.--Fast charging: A high-current USB 3.0 supplies twice the
power for charging and powering compatible USB devices.--Latest model U2417H (replacing U2414H)",95,Lazada,289.0,24.0,http://sg-live-03.slatic.net/p/2/dell-u2417h-24-infinityedge-ips-monitor-5024-3083328-8c648ae9adc5b0f389c25cc45d9934ef-product.jpg
15390748,"Green alliance usb splitter dragged four more than 7 port computer
usb extension hub usb otg interface hub converter","--Brief design 4 port/7 port with OTG function--Brand : Green alliance--Interface nature : USB extension hub--Whether the external power supply : No external power
supply--Item : CR106",0,Lazada,3.4,0,http://sg-live-01.slatic.net/p/2/green-alliance-usb-splitter-dragged-four-more-than-7-port-computerusb-extension-hub-usb-otg-interface-hub-converter-0576-84709351-9b6a43805c12938a104903a09d366e89-product.jpg
17867726,Lenovo ideapad 310 (Silver),--IdeaPad 310-14IKB: 14.0 FHD TN GL(SLIM)--Intel Core I5 7200U--Graphic: NVIDIA® GEFORCE® GT 940MX (4GB DDR3L)--4G DDR4 2133 ONBOARD--1TB 9.5MM 5400RPM--9.0MM SUPER MULTI(TRAY IN)--HD 720P WITH SINGLE MIC--2CELL 39WH--WIFI 1X1 AC+BT4.1--Keyboard ENGLISH--W10 HOME STD,0,Lazada,899.0,10.0,http://sg-live-02.slatic.net/p/2/lenovo-ideapad-310-silver-9650-62776871-8df014ecaf5b314824b8e9ebe5528745-product.jpg
17867705,Lenovo ideapad 100S (Silver),--Ideapad 100S-11IBY--11.6 HD TN GL(SLIM)--Z3735F--2G DDRIIIL1600 ONBOARD--32G EMMC--Integrated Graphic--NON-INTEL 1X1 BGN+BT4.0--CAMERA 0.3M--2CELL 31.9WH--W10HOME ETY NB STD AFO 32B,0,Lazada,299.0,9.0,http://sg-live-01.slatic.net/p/2/lenovo-ideapad-100s-silver-9651-50776871-bb3f9794816a77d6c7f01ba87628c4ff-product.jpg
2573740,HP Printer 2130 Color All in One Print Scan Copy Photo Deskjet,"--Count on easy versatility. Print, scan, and copy what you
need quickly with a reliable all-in-one.--Get started in fewer steps. Easily set up this all-in-one
to print, scan, and copy with simple controls.--Save your space with a compact all-in-one designed to fit
on your desk, on a shelf, or anywhere you need it.--Print more for less, using the world’s No. 1 printer
brand plus Original HP ink cartridges--Full of value—print up to twice as many pages with
Original HP high-yield ink cartridges--Conserve resources—without sacrificing performance—using
an all-in-one that’s ENERGY STAR® certified.--Reduce your environmental impact. Count on easy, free
cartridge recycling through HP Planet Partners",95,Lazada,42.5,13.0,http://sg-live-01.slatic.net/p/2/hp-printer-2130-color-all-in-one-print-scan-copy-photo-deskjet-1109-0473752-5b6117f98eaaa4cb4fddc10dcb6cb48a-product.jpg
17898694,"AMD RYZEN 7 1700X 8-Core 3.4 GHz (3.8 GHz Turbo) Socket AM4 95W
YD170XBCAEWOF Desktop Processor",--AMD SenseMI Technology--AMD XFR (eXtended Frequency Range) Technology--Socket AM4--Max Turbo Frequency 3.8 GHz--16MB L3 Cache--4MB L2 Cache--DDR4 Support--Unlocked Processor--Thermal Design Power 95W--Without Fan and Cooler,0,Lazada,598.0,5.0,http://sg-live-03.slatic.net/p/2/amd-ryzen-7-1700x-8-core-34-ghz-38-ghz-turbo-socket-am4-95wyd170xbcaewof-desktop-processor-4262-49689871-5d262a1ccdff8ae16e98860bad0cb4bd-product.jpg
17598325,"Acer Aspire V13 Hello Kitty Limited Edition Laptop (V3-372-56PT) -
13.3” FHD IPS LED-backlit TFT LCD/ intel core i5-7200U/ 4GB RAM/
1TB Storage/W10","--Hello Kitty Limited Edition (Online Exclusive)--13.3” FHD IPS LED-backlit TFT LCD--Intel® Core™  i5-7200U processor (Up to 3.1GHz, 3MB L3
cache)--4GB DDR3L RAM--1TB HDD Storage--Integrated Graphics Card--Windows 10 Home",0,Lazada,1198.0,14.0,http://sg-live-02.slatic.net/p/2/acer-aspire-v13-hello-kitty-limited-edition-laptop-v3-372-56pt-133-fhd-ips-led-backlit-tft-lcd-intel-core-i5-7200u-4gb-ram1tb-storagew10-1456-52389571-0816c34538cdf1c3bc4462123374b8ef-product.jpg
16667718,Microsoft Office 2016 Professional Plus 1 PC for Windows,"--Provided is an OEM product activation key for Microsoft Office
Professional Plus 2016--We will provide full instructions with order for how to
download available from Microsoft Website--This is a lifetime licence good for one single PC (not required
to renew annually)--Microsoft Office 2016 Professional Include: Word
2016, Excel 2016, Powerpoint 2016, Outlook
2016, OneNote 2016, Publisher 2016, Access 2016",100,Lazada,98.0,67.0,http://sg-live-03.slatic.net/p/2/microsoft-office-2016-professional-plus-1-pc-for-windows-2257-81776661-62a2490d28f43b91ac3ef68c419f1b1a-product.jpg
17867727,Lenovo ideapad 100S (Red),--Ideapad 100S-11IBY--11.6 HD TN GL(SLIM)--Z3735--2G DDRIIIL1600 ONBOARD--32G EMMC--Integrated Graphics--NON-INTEL 1X1 BGN+BT4.0--CAMERA 0.3M--2CELL 31.9WH--W10 HOME ETY NB STD AFO 32B,0,Lazada,299.0,9.0,http://sg-live-01.slatic.net/p/2/lenovo-ideapad-100s-red-9651-72776871-be3c50809d820607ecacc41f7cf0136c-product.jpg
14498643,LZX EVOLVE S3 Gaming Desktop (i5-8G-1T-N1060-W10H),--Intel® Core™ i5-7400 (Up to 3.50 GHz)--8GB DDR4 Memory--1TB HDD 32MB 7200RPM--NVIDIA Geforce GTX 1060 3GB OC  --4 x USB3.1 (Gen1) SuperSpeed --Microsoft Windows 10 Home 64,0,Lazada,1059.0,18.0,http://sg-live-02.slatic.net/p/2/lzx-evolve-s3-gaming-desktop-i5-8g-1t-n1060-w10h-1485-34689441-ede7ce77316684ec0794966fe754b4ec-product.jpg
17953501,LENOVO UHD F309 USB 3.0 Grey External 2TB HDD,--Portable Hard Drive--Capacity: 2 TB--Connectivity: USB 3.0,0,Lazada,124.9,10.0,http://sg-live-01.slatic.net/p/2/lenovo-uhd-f309-usb-30-grey-external-2tb-hdd-4595-10535971-25355fa6a595cc9ddafd0468f72d0c0a-product.jpg
10034948,Seagate Expansion 4TB Portable External Hard Drive USB 3.0,"--Expands your Xbox One gaming experience.
Connect this drive to the Xbox One USB port to immediately add
storage capacity to your console--Easy and simple to use - plug it in and
go--Fast file transfers with USB
3.0--Compatible with USB 3.0 and USB
2.0--Powered by USB port",100,Lazada,159.0,20.0,http://sg-live-03.slatic.net/p/2/seagate-expansion-4tb-portable-external-hard-drive-usb-30-9805-3015726-45720edbc3b47fd6e151d5cb7212ee87-product.jpg
17953502,Logitech MK710 Wireless Desktop,"--Up to three-year battery life for both keyboard and mouse--Logitech® Incurve keys™, concave keys with soft rounded edges--Cushioned palm rest,feels better than hard plastic--Sculpted mouse --Logitech® Tiny Unifying receiver  ",0,Lazada,99.0,34.0,http://sg-live-03.slatic.net/p/2/logitech-mk710-wireless-desktop-3461-20535971-df8723314a898fb0ab9ec47508bd213f-product.jpg
7697972,"Microsoft Office 2016 Home and Business (1 PC) Guarranteed Local
Singapore Distributor's Stocks","--100% Local Microsoft Singapore Distributor's Stocks--Word, Excel, PowerPoint, OneNote, and Outlook for 1 PC--One-time purchase--View, share, or edit documents online",100,Lazada,284.99,13.0,http://sg-live-01.slatic.net/p/2/microsoft-office-2016-home-and-business-1-pc-guarranteed-localsingapore-distributors-stocks-7776-2797967-bb962156171d081973b040eb6b40eb30-product.jpg
17867729,Lenovo ideapad 310 (Silver),--IdeaPad 310-14IKB: 14.0 FHD TN GL(SLIM)--Intel Core I7 7500U--Graphic: NVIDIA® GEFORCE® GT 940MX (4GB DDR3L)--4G DDR4 2133 ONBOARD--1TB 9.5MM 5400RPM--9.0MM SUPER MULTI(TRAY IN)--HD 720P WITH SINGLE MIC--2CELL 39WH--WIFI 1X1 AC+BT4.1--Keyboard ENGLISH--W10 HOME STD,0,Lazada,999.0,13.0,http://sg-live-03.slatic.net/p/2/lenovo-ideapad-310-silver-9651-92776871-8df014ecaf5b314824b8e9ebe5528745-product.jpg
8533391,"Jo.In Universal USB 2.0 A Male to Mini 5 Pin B Data Charging Cable
Cord Adapter Black - Intl","--100% Brand New.--Material: Metal and Rubber--Color: Black--Length: 76cm/29.6 inch (Approx)--Generic USB 2.0 Cable. Type A to Mini 5-Pin Type
B--Quantity: 1pc--Transfer images and data between your camera / cell phone
to computer by USB port--Connectors: USB to Mini USB 5-Pin--USB 2.0 specification. Hi-Speed transfer rates up to
480Mbps--Compatible with for PC and Mac--Package Included: 1 x Sync Cable--Note: Due to the difference between different monitors.
the picture may not reflect the actual color of the item. We
guarantee the style is the same as shown in the pictures. but not
the same performance on different bodies as on the model. Thank
you!",0,Lazada,3.5,79.0,http://sg-live-01.slatic.net/p/2/join-universal-usb-20-a-male-to-mini-5-pin-b-data-charging-cablecord-adapter-black-intl-0109-1933358-95b7989bc363e80492904701520f1c4a-product.jpg
18678006,Lenovo Yoga 510 Black,--IdeaPad YOGA 510-14IKB: 14.0 FHD IPS AG TOUCH(SLIM)--Intel Core I7 7500U--Graphic: AMD RADEON™ R5 M430 (2GB DDR3L)--8G(1X8GBDDR4 2133)--1TB 7MM 5400RPM--CAMERA HD 720P WITH ARRAY MIC--3CELL 52.5WH--WIFI 1X1 AC+BT4.0--Backlit Keyboard ENGLISH,0,Lazada,1299.0,7.0,http://sg-live-01.slatic.net/p/2/lenovo-yoga-510-black-9650-60087681-08cc87eeea4e2bd82a3daaf66cff86bb-product.jpg
19839325,"Dell Inspiron 14''-5459 Business Class Notebook
(i7-6500U/4G/1TB)(Red)","--Intel Core i76500U--1TB SATA HDD--NVIDIA® GeForce® 930M with 4GB DDR3 discrete graphics--With VGA interface--14"" HD (1366 x 768) Antiglare LEDBacklit Display--Microsoft Windows 10 64Bits Operating System",0,Lazada,878.0,9.0,http://sg-live-03.slatic.net/p/2/dell-inspiron-14-5459-business-class-notebooki7-6500u4g1tbred-4429-52393891-49283621971d0a771824d4a7242fcb77-product.jpg
3346122,Acer Predator X34 QHD IPS G-Sync Gaming Monitor,"--34"" Ultrawide QHD (3440x1440)--IPS 4ms response time--Up to 100Hz Refresh Rate--3800R Curvature Curved Immersion--ZeroFrame design for multi-monitor setups--Nvidia G-Sync 2--3 Years On-site Warranty",100,Lazada,1309.0,13.0,http://sg-live-02.slatic.net/p/2/acer-predator-x34-qhd-ips-g-sync-gaming-monitor-5709-20022531-782292347cd9be2ce5909dc649b7fabc-product.jpg
6760807,SanDisk Ultra Flair 128GB USB 3.0 Flash Drive (Up To 150MB/s),"--5-year limited warranty--Transfer Speeds Up to 150MB/s--High Speed USB 3.0 performance--Sleek, durable metal casing--SanDisk SecureAccess Software Protects Your Privacy--Easy File Recovery with RescuePRO Deluxe Software",92,Lazada,51.0,32.0,http://sg-live-02.slatic.net/p/2/sandisk-ultra-flair-128gb-usb-30-flash-drive-up-to-150mbs-0241-7080676-b37774d95d0eb22cf408c8a6c62f9e78-product.jpg
11416669,Logitech MK240 Wireless Compact Keyboard and Mouse Combo – Vivid Red (Online Exclusive),--36-month battery life--Adjustable keyboard height--Spill-resistant design*--2.4GHz wireless (10 meters)--Nano USB receiver--12-month battery life--Contoured compact shape--High-definition optical tracking (1000 dpi),87,Lazada,27.0,10.0,http://sg-live-03.slatic.net/p/2/logitech-mk240-wireless-compact-keyboard-and-mouse-combo-vivid-red-online-exclusive-7409-96661411-947afbb1f38b1ef908cfabe20aff2608-product.jpg
689571,"Logitech MX Master Wireless Mouse, Large Mouse, Computer Wireless
Mouse","--Unique thumb wheel: For horizontal
navigation and advanced gestures--Easy connections for multiple computers:
Use with up to three Windows or Mac computers via included Unifying
receiver or Bluetooth Smart wireless technology--Easy switching between computers with the
touch of the button--Tracks virtually anywhere - even on
glass: The Dark field Laser sensor tracks flawlessly even on glass
and high-gloss surfaces (4mm minimum thickness)--Advanced power management: Up to 40 days
of power on single charge. You can get enough power for a full day
of usage in only 4 minutes, with no downtime while recharging. (
Battery life may vary based on user and computer
conditions)",89,Lazada,91.2,39.0,http://sg-live-02.slatic.net/p/2/logitech-mx-master-wireless-mouse-large-mouse-computer-wirelessmouse-3343-7990888-5def1cf3cf612d65b30d45ccbe921b54-product.jpg
9196645,"HP 7th Gen15.6"" Intel Core i5 8GB RAM Graphic Card 2GB Full HD
windows 10","--\u003Cul\u003E \u003Cli\u003ENew 7th Generation Processor and
new\u003C/li\u003E \u003Cli\u003EWindows 10 \u003C/li\u003E
\u003Cli\u003EUpgrade to 8 GB RAM(worth 50 SGD)\u003C/li\u003E
\u003Cli\u003E1TB HDD\u003C/li\u003E \u003Cli\u003EFree Wireless
Mouse(worth 30 SGD)\u003C/li\u003E \u003C/ul\u003E
\u003Cp\u003E \u003C/p\u003E",84,Lazada,788.0,39.0,http://sg-live-01.slatic.net/p/2/hp-7th-gen156-intel-core-i5-8gb-ram-graphic-card-2gb-full-hdwindows-10-1345-5466919-3f45c621c46a377441c0b0011381e143-product.jpg
8492274,Xiaomi Mi Notebook/Xiaomi Mi Laptop Air 13.3″ (EXPORT),--Slim all-metal body--256GB SSD PCIe--8 GB DDR4 RAM--Long battery life — 9.5 hours--Intel Core i5 processor--NVIDIA 940MX graphics card--Ultra-narrow borders--Full HD screen,94,Lazada,959.0,52.0,http://sg-live-01.slatic.net/p/2/xiaomi-mi-notebookxiaomi-mi-laptop-air-133-export-2580-4722948-17ef2daaaaa2a5068c6fcab72f02b9f1-product.jpg
12945472,SanDisk iXpand Mini Flash Drive 128GB USB3.0 for iPhone and iPad,"--Capacity: 128GB--Free up iPhone space fast with the Lightning and USB 3.0
connectors--Automatic photo and video backup when connected--Watch movies on the move –supports popular video formats--Works with most cases due to the flexible connector design--iXpand Drive App –easily manage files, sync contacts and
more",76,Lazada,90.2,17.0,http://sg-live-02.slatic.net/p/2/sandisk-ixpand-mini-flash-drive-128gb-usb30-for-iphone-and-ipad-5799-27454921-64152a7946a052bb63328a59800a2fac-product.jpg
7086425,SanDisk Ultra Red 64GB USB 3.0 Flash Drive (Up To 100MB/s),"--Exclusive Red Edition--Up to 100 MB/s Read Speeds--Transfer speeds up to 10x faster than standard USB 2.0
drive--USB 3.0 compatibility (backward compatible with USB 2.0)--5 years limited warranty",99,Lazada,26.5,26.0,http://sg-live-01.slatic.net/p/2/sandisk-ultra-red-64gb-usb-30-flash-drive-up-to-100mbs-2444-5246807-76242b350d949711b970239c7ebba8a5-product.jpg
8006494,"SanDisk SSD PLUS 120GB 2.5"" SATA","--Capacity: 120GB--Seq speed: Up to 530MB/s Read & up to 400MB/s Write--Up to 20X faster than a typical  hard disk drive--Improves burst write performance, making it ideal for typical PC
workloads--Generous battery life--Durable: Shock resistant keep data safe even if you drop your
computer",0,Lazada,82.0,11.0,http://sg-live-02.slatic.net/p/2/sandisk-ssd-plus-120gb-25-sata-0247-4946008-1632be595c9c7c8a5e5df21498f233c4-product.jpg
11416668,Logitech Wireless Mouse M275 (Online Exclusive),--2.4GHz wireless mouse--1000DPi sensor--25m wireless range--3 buttons--18 month battery life,94,Lazada,23.0,8.0,http://sg-live-02.slatic.net/p/2/logitech-wireless-mouse-m275-online-exclusive-6858-86661411-87ec10f005c8ce95267b043088805a52-product.jpg
11130118,Dell SE2417HG LED Monitor (2 HDMI port),"--TN (Twisted Nematic) Panel--HDMI + VGA Inputs--1920 x 1080 Full HD Resolution--1,000:1 Contrast Ratio--300 cd/m² Brightness--160°/170° Viewing Angles--2 ms Response Time--16.7 Million Colors--60 Hz Refresh Rate",91,Lazada,159.0,47.0,http://sg-live-02.slatic.net/p/2/dell-se2417hg-led-monitor-2-hdmi-port-9702-13776871-9bc09ddf8a24a5b7bd5ce1c72a7b90bb-product.jpg
27177545,ASUS Zenbook UX410UA-GV216T,--Ultra Sleek--Ultra Elegant--Incredible Performance--Zen spun-metal finish,0,Lazada,998.99,0,http://sg-live-03.slatic.net/p/2/asus-zenbook-ux410ua-gv216t-0390-54577172-04b92663db2ff02ae165910c6eb9c459-product.jpg
6311886,"Netgear AC1200 802.11ac Dual Band Gigabit Smart WiFi Router Model
R6220","--Ideal for homes with 8 or more Wi-Fi devices--880 MHz processor delivers high-performance
connectivity--USB 2.0 port to access & share USB hard drive
wirelessly",60,Lazada,99.0,9.0,http://sg-live-02.slatic.net/p/2/netgear-ac1200-80211ac-dual-band-gigabit-smart-wifi-router-modelr6220-9756-6881136-b7d71472fa33acec8cb499c1b9c94977-product.jpg
14498655,LZX EVOLVE S3 Gaming Desktop (i5-8G-1T-N1060-W10H),--Intel® Core™ i5-7400 (Up to 3.50 GHz)--8GB DDR4 Memory--1TB HDD 32MB 7200RPM--NVIDIA Geforce GTX 1060 3GB OC  --4 x USB3.1 (Gen1) SuperSpeed --Microsoft Windows 10 Home 64,100,Lazada,1059.0,18.0,http://sg-live-02.slatic.net/p/2/lzx-evolve-s3-gaming-desktop-i5-8g-1t-n1060-w10h-5191-55689441-ede7ce77316684ec0794966fe754b4ec-product.jpg
10824862,ASUS Vivobook K401UQ-FA075T,"--Thin and light design
Powerful Intel Core performance
Superior NVIDIA GeForce graphics
Premium brushed metal finish
Long battery life",0,Lazada,1298.0,13.0,http://sg-live-01.slatic.net/p/2/asus-vivobook-k401uq-fa075t-5073-44189562-dcf9bc969710b51e0a3504c135e117fc-product.jpg
2660098,Sandisk Cruzer Blade Flash Drive 16GB,--Ultra-compact and portable contoured styling--Efficient data transfer--With SanDisk SecureAccess software--Capacity : 16GB,0,Lazada,17.0,0,http://sg-live-01.slatic.net/p/2/sandisk-cruzer-blade-flash-drive-16gb-5024-8900662-0f0c1cba7cf2df04bcfd112a0a673a5e-product.jpg
28202788,"Hot Sell 2TB USB Flash Drive Memory USB Stick U Disk Pen Drive
Pendrive - intl","--Capacity:2TB -- Interface: USB 3.0
interface, without drives, plug-and-play, hot-swappable-- Start: support USB
ZIP / HDD start up.-- Applicable models:
the various brand PC and compatible computer",95,Lazada,20.88,32.0,http://sg-live-02.slatic.net/p/2/hot-sell-2tb-usb-flash-drive-memory-usb-stick-u-disk-pen-drivependrive-intl-1374-88720282-15644833fe76ad9f712935046e62f674-product.jpg
26598142,Lenovo Yoga 510 Black,--IdeaPad 310-14IKB: 14.0 FHD TN GL(SLIM)--Intel Core I5 7200U--Graphic: INTEGRATED--4G DDR4 2133 ONBOARD--500G 7MM 5400RPM--9.0MM SUPER MULTI(TRAY IN)--HD 720P WITH SINGLE MIC--2CELL 39WH--WIFI 1X1 AC+BT4.1 / Keyboard ENGLISH--W10 HOME STD,0,Lazada,1299.0,7.0,http://sg-live-03.slatic.net/p/2/lenovo-yoga-510-black-9419-24189562-e99b8716b13bebbb6a5d6610902232ff-product.jpg
26598149,ASUS Vivobook K401UQ-FA074T,"--Thin and light design
Powerful Intel Core performance
Superior NVIDIA GeForce graphics
Premium brushed metal finish
Long battery life",0,Lazada,1297.99,0,http://sg-live-01.slatic.net/p/2/asus-vivobook-k401uq-fa074t-5077-94189562-dcf9bc969710b51e0a3504c135e117fc-product.jpg
26598154,Lenovo ideapad 310 (Silver),--IdeaPad 310-14IKB: 14.0 FHD TN GL(SLIM)--Intel Core I5 7200U--Graphic: INTEGRATED--4G DDR4 2133 ONBOARD--500G 7MM 5400RPM--9.0MM SUPER MULTI(TRAY IN)--HD 720P WITH SINGLE MIC--2CELL 39WH--WIFI 1X1 AC+BT4.1 / Keyboard ENGLISH--W10 HOME STD,0,Lazada,799.0,20.0,http://sg-live-01.slatic.net/p/2/lenovo-ideapad-310-silver-9419-45189562-6b943d2704cb07bd08a1e1d2be729c00-product.jpg
3000154,"TP-LINK - RE200, AC750 Wi-Fi Range Extender","--Boosts wireless signal to previously unreachable or
hard-to-wire areas flawlessly--Compatible with 802.11 b/g/n and 802.11ac Wi-Fi
devices--Dual band speeds up to 750Mbps--Miniature size and wall-mounted design make it easy to
deploy and move flexibly--Ethernet port allows the Extender to function as a
wireless adapter to connect wired devices",90,Lazada,39.9,42.0,http://sg-live-02.slatic.net/p/2/tp-link-re200-ac750-wi-fi-range-extender-0008-4510003-32f36972e018887ea6cfc9acab33eeac-product.jpg
28882111,Lenovo ideapad 110 (BLACK) 15.6 HD,--IdeaPad 110-15ACL: 15.6 HD TN GL(SLIM)--AMD A8-7410--Graphic: Integrated Graphics--4G(1X4GBDDR3L 1600) --1TB HDD 5400RPM--Dummy ODD --CAMERA 0.3M--3CELL 24WH--WIFI 1X1 AC+BT4.0 --Keyboard ENGLISH--W10 HOME STD --BLACK TEXTURE--1 Year Carry In,0,Lazada,499.0,29.0,http://sg-live-01.slatic.net/p/2/lenovo-ideapad-110-black-156-hd-3493-11128882-dd9e3c4788289ed920c410be10abdee6-product.jpg
16299123,HGST DESKSTAR 8TB NAS Hard Disk (8TB),"--High-Performance HDD For Desktop NAS Systems--Award-winning Performance - 7200 RPM, up to 128MB cache buffer
and 6Gb/s SATA interface for fast data access--Colossal Capacity - Up to 6TB for room to grow--Outstanding Reliability - 1M hrs MTBF, Rotational Vibration
Sensor, 24/7 availability, 3-year limited warranty",80,Lazada,419.0,9.0,http://sg-live-03.slatic.net/p/2/hgst-deskstar-8tb-nas-hard-disk-8tb-2333-32199261-6dc758284a94b0d021228ff4f3595126-product.jpg
4057055,"Dell U2417H 24"" InfinityEdge IPS Monitor","--World’s thinnest border: Create a multiple screen
 arrangement with near-continual imagery between multi- monitors via
 the DisplayPort 1.2(MST) connectivity port.--Convenient connectivity: Bring your compatible mobile phones
 and tablets to life on a large screen with 2 HDMI(MHL) ports.
 Connect to projectors or other compatible devices through
 DisplayPort and mini-DisplayPort connectivity.--Fast charging: A high-current USB 3.0 supplies twice the power
 for charging and powering compatible USB devices.--Latest model U2417H (replacing U2414H)",0,Lazada,319.0,26.0,http://sg-live-02.slatic.net/p/2/dell-u2417h-24-infinityedge-ips-monitor-0192-30766073-f55488e5894e6fe82621c3e4b5dd31cf-product.jpg
3242227,Alienware 15 Gaming Laptop (6th Gen) (GTX965M) *GAM3.SHOW PROMO*,"--Intel i7-6700HQ--8GB DDR4 RAM--1TB HDD--Nvidia GTX965M 2GB DDR5--15.6"" FHD--Windows 10",0,Lazada,1599.0,27.0,http://sg-live-01.slatic.net/p/2/alienware-15-gaming-laptop-6th-gen-gtx965m-gam3show-promo-0575-7222423-59918e4712efbd106b7bb8e97560b0e4-product.jpg
29903053,"Acer Aspire 1 A114-31-C5Z2 Laptop - 14"" HD LED backlit TFT LCD
(Online Exclusive)","--Intel® Celeron® dual-core processor N3350--14"" HD LED backlit TFT LCD--4GB RAM--32GB eMMC Storage--Integrated Graphics--Windows 10",0,Lazada,398.0,38.0,http://sg-live-02.slatic.net/p/2/acer-aspire-1-a114-31-c5z2-laptop-14-hd-led-backlit-tft-lcdonline-exclusive-1519-35030992-15b3e335a9dd4ddd36b18fa1a604588f-product.jpg
7159980,Ultrathin Foldable 2.4G Wireless Mouse (Grey),--Key number: 3 Optical--Resolution: 1000dpi--Wireless distance: 10m--Appearance: gorgeous--Whether to support ergonomics: Support,66,Lazada,5.8,76.0,http://sg-live-03.slatic.net/p/2/ultrathin-foldable-24g-wireless-mouse-grey-4085-0899517-0cefd5860ffad2c2aa684155b94e1c16-product.jpg
27069921,"Acer Aspire AC22-760 (i61041T) - 21.5""/i3-6100U/4GB/1TB/USB Keyboard & Mouse/W10","--21.5” FHD--Intel® Core™ i3-6100U--Windows® 10 Home--4GB DDR4 RAM, 1TB HDD--Built-in speakers--1 MP HD USB external webcam--1 Year Local Manufacturer Limited Warranty",80,Lazada,738.0,33.0,http://sg-live-03.slatic.net/p/2/acer-aspire-ac22-760-i61041t-215i3-6100u4gb1tbusb-keyboard-mousew10-8762-12996072-75bb1b949117497c978e2aecbd34eb37-product.jpg
16298771,Acer KA271 27-inches Monitor,"--See clearly with a beautiful Full HD display. Opt for a vivid
 IPS 2panel with a 178° wide viewing
 angle1 or lightning-quick TN1panel to
 suit your needs. A 1ms1 response time reduces
 ghosting and takes action-packed entertainment to a new level.--Sit back and get comfortable with Acer ComfyView technology to
 reduce reflective glare and Blue Light Filter
 Pro1 to remove harmful blue light without
 sacrificing color or brightness. Get a good view with convenient
 -5° to 15° tilt adjustment.--On-screen display buttons are conveniently located on the front
 of the device for easy access. The KA series is wall-mountable and
 has space for a Kensington® lock for added security.--Help save our planet! Use eco-friendly products like the KA
 Series, featuring mercury-free backlighting, arsenic-free display
 glass, recyclable packaging and a 6.0 ENERGY STAR® rating.",100,Lazada,217.98,27.0,http://sg-live-01.slatic.net/p/2/acer-ka271-27-inches-monitor-8766-91746172-15d11de75fa5c0949f2f18030ecb6793-product.jpg
10692444,Xiaomi Air Notebook 12.5 inch 4GB RAM 128GB (Export),"--\u003Cdiv\u003E\u003Cul\u003E\u003Cli\u003E\u003Cspan\u003EFull
metal body,weighs only 1.07kg,12.9mm
thin\u003C/span\u003E\u003C/li\u003E\u003Cli\u003E\u003Cspan\u003E11.5-hour
battery\u003C/span\u003E\u003C/li\u003E\u003Cli\u003E\u003Cspan\u003E4GB+128GB
SATA
SSD\u003C/span\u003E\u003C/li\u003E\u003Cli\u003E\u003Cspan\u003E1080p
FHD
screen\u003C/span\u003E\u003C/li\u003E\u003Cli\u003E\u003Cspan\u003EChinese
version\u003C/span\u003E\u003C/li\u003E\u003C/ul\u003E\u003C/div\u003E",96,Lazada,688.0,31.0,http://sg-live-03.slatic.net/p/2/xiaomi-air-notebook-125-inch-4gb-ram-128gb-export-2018-44429601-67c2180b5ada667b21d16fdb55550d38-product.jpg
26598137,Lenovo ideapad 110S (Silver),--IdeaPad 110S-11IBR: 11.6 HD TN AG (SLIM)--INTEL® CELERON® N3060 PROCESSOR--Graphic: INTEGRATED--4G DDR3L 1600 ONBOARD--32G EMMC--CAMERA 0.3M,100,Lazada,378.99,0,http://sg-live-03.slatic.net/p/2/lenovo-ideapad-110s-silver-9417-73189562-35b9a35027b46b898e89c3519bdf99af-product.jpg
10027618,Logitech M331 Silent Plus,--ENJOY THE SOUND OF SILENCE--CRAFTED FOR YOUR RIGHT HAND--24-MONTH BATTERY LIFE--SIMPLE. RELIABLE. STRONG,95,Lazada,26.0,19.0,http://sg-live-03.slatic.net/p/2/logitech-m331-silent-plus-1427-3755949-46703026176c2b59db75be1cf489b7dd-product.jpg
10117261,"Seagate Backup Plus Slim 1TB Portable External Hard Drive Mobile
Device Backup USB 3.0 (Black)","-- --Create easy customized backup plans with included Seagate
Dashboard software--USB powered - no power supply necessary--Quick file transfer with USB 3.0 connectivity",96,Lazada,76.0,36.0,http://sg-live-01.slatic.net/p/2/seagate-backup-plus-slim-1tb-portable-external-hard-drive-mobiledevice-backup-usb-30-black-0195-16271101-5eb654d90af21cde52601d3c9d33dba2-product.jpg
26543616,Logitech MK345 Wireless Combo,--Wireless Mouse and Keyboard Combo--Comfortable Right Handed Mouse--Palm Wrest for keyboard--Modern design with powerful features--Adjustable keyboard height,90,Lazada,42.0,24.0,http://sg-live-03.slatic.net/p/2/logitech-mk345-wireless-combo-3009-61634562-8eb8866380971630bb27b38a10f44fe7-product.jpg
10034952,"Seagate Backup Plus Slim 2TB Portable External Hard Drive with
Mobile Device Backup USB 3.0 (Black)","--Create easy customized backup plans with included Seagate
Dashboard software--Quick file transfer with USB 3.0 connectivity--USB powered -no power supply necessary",85,Lazada,115.0,36.0,http://sg-live-02.slatic.net/p/2/seagate-backup-plus-slim-2tb-portable-external-hard-drive-withmobile-device-backup-usb-30-black-5688-25943001-5eb654d90af21cde52601d3c9d33dba2-product.jpg
13113067,Logitech MX Anywhere 2 - Wireless Mobile Mouse,"--Tracks virtually anywhere--Compact, sculpted shape--Dual connectivity--Easily switch between three devices--Hyper-fast scroll--Rechargeable battery",95,Lazada,79.0,39.0,http://sg-live-02.slatic.net/p/2/logitech-mx-anywhere-2-wireless-mobile-mouse-3682-76031131-e8b88198fab88046a72324c826b0dc6d-product.jpg
11416667,Logitech MK240 Wireless Compact Keyboard and Mouse Combo - Chartreuse Yellow (Online Exclusive),--36-month battery life--Adjustable keyboard height--Spill-resistant design*--2.4GHz wireless (10 meters)--Nano USB receiver--12-month battery life--Contoured compact shape--High-definition optical tracking (1000 dpi),99,Lazada,27.0,10.0,http://sg-live-01.slatic.net/p/2/logitech-mk240-wireless-compact-keyboard-and-mouse-combo-chartreuse-yellow-online-exclusive-8052-76661411-163dd8095d466358af2022294329c788-product.jpg
33703471,"Acer KG271A Gaming Monitor with 144Hz Refresh Rate + 1ms Response
Time","--27” (16:9) Full HD Display (TN Panel)--1ms High Response Time--1920x1080 Resolution @ 144Hz Refresh Rate--DVI, HDMI, DisplayPort, Audio in, Audio out--Carton: Brown, FreeSync, Tiltable, ZeroFrame",0,Lazada,395.0,0.8,http://sg-live-01.slatic.net/p/2/acer-kg271a-gaming-monitor-with-144hz-refresh-rate-1ms-responsetime-1417-17430733-913d8a0058f037f03061148cd341fc83-product.jpg
9296218,HP Printer 3630 Wireless Print Scan Copy Wifi with free cartridges,"--All in one printing device (Printer, Copier, Scanner)--Wireless capability--HP Thermal Inkjet--Display: 7 segment and icon LCD--Scanner type: Flatbed--Scanning via HP Photosmart Software--Up to 1000 pages duty cycle monthly--1 Hi- Speed USB 2.0",94,Lazada,62.9,36.0,http://sg-live-02.slatic.net/p/2/hp-printer-3630-wireless-print-scan-copy-wifi-with-free-cartridges-1784-8126929-fe87f40548444e98ffcc316308466cde-product.jpg
7751641,HP DJ3630 All In One Deskjet Printer,"--All in one printing device (Printer, Copier, Scanner)--Wireless capability--HP Thermal Inkjet--Display: 7 segment and icon LCD--Scanner type: Flatbed--Scanning via HP Photosmart Software--Up to 1000 pages duty cycle monthly--1 Hi- Speed USB 2.0",0,Lazada,57.9,36.0,http://sg-live-01.slatic.net/p/2/hp-dj3630-all-in-one-deskjet-printer-6603-88731111-ef70952582f1a92abaf415f4580a8db4-product.jpg
6760795,SanDisk Ultra Flair 32GB USB 3.0 Flash Drive (Up To 150MB/s),"--5-year limited warranty--Transfer Speeds Up to 150MB/s--High Speed USB 3.0 performance--Sleek, durable metal casing--SanDisk SecureAccess Software Protects Your Privacy--Easy File Recovery with RescuePRO Deluxe Software",92,Lazada,20.0,20.0,http://sg-live-01.slatic.net/p/2/sandisk-ultra-flair-32gb-usb-30-flash-drive-up-to-150mbs-0240-5970676-b37774d95d0eb22cf408c8a6c62f9e78-product.jpg
372126,Logitech G402 Hyperion Fury FPS Gaming Mouse,--Fusion Engine hybrid sensor--8 programmable buttons--On-the-fly DPI Switching--32-bit ARM processor--1 millisecond report--High-speed clicking--Full-speed USB,93,Lazada,57.0,28.0,http://sg-live-03.slatic.net/p/2/logitech-g402-hyperion-fury-fps-gaming-mouse-6769-621273-057e5bdcd1f413fc373394c83fa96a16-product.jpg
9270096,HP 27inch IPS Full HD LED Monitor,"--Ultra thin design--Edge to edge design delivers an expansive viewing
experience--1920x1080 Full HD ultra wide viewing angles with IPS
technology--Technicolor Certified--VGA/HDMI",95,Lazada,259.9,35.0,http://sg-live-02.slatic.net/p/2/hp-27inch-ips-full-hd-led-monitor-2341-6900729-5d83e63c9dfb5289be1e2ecc744e64d9-product.jpg
14548430,"Acer Aspire ES11 (ES1-132-C0CP) 11.6"" Ultrathin 2GB Ram/32GB
eMMC/W10 Laptop (Black)","--11.6"" Ultrathin--Intel Celeron Processor N3350 (Up to 2.4GHz, 2MB L2 cache)--Windows 10 Home--11.6"" HD LED backlit TFT LCD--Intel HD Graphic Card--2GB RAM, 32GB eMMC",0,Lazada,348.0,36.0,http://sg-live-02.slatic.net/p/2/acer-aspire-es11-es1-132-c0cp-116-ultrathin-2gb-ram32gbemmcw10-laptop-black-1517-03484541-b6ad358ad5ce45001b73b9ce104e6b69-product.jpg
